{"cameraMode":{"drawMode":0,"name":"Shaded","section":"Shading Mode"},"sceneLighting":true,"audioPlay":false,"sceneViewState":{"showFog":true,"showMaterialUpdate":false,"showSkybox":true,"showFlares":true,"showImageEffects":true,"showParticleSystems":true},"in2DMode":false,"pivot":{"x":146.44520568847657,"y":87.98843383789063,"z":133.54248046875},"rotation":{"x":-0.06293115764856339,"y":0.9342195987701416,"z":-0.2831754982471466,"w":-0.2076355367898941},"size":101.13589477539063,"orthographic":false}